league,competition,coach,team
ReBBL Open Invitational 3,OI 56 W4,Luis_jano,Arequipa Nurglerers ReBBL
ReBBL Open Invitational 3,OI 56 W4,Chupey,Soul Guys
ReBBL Open Invitational 3,OI 57 W4,alathea,Rolling Renegades
ReBBL Open Invitational 3,OI 57 W4,Wugambino,Channel 8 News Team
ReBBL Open Invitational 3,OI 58 W4,Holes,The Greenie Weenies
ReBBL Open Invitational 3,OI 58 W4,hazzzard,Marginal Annoyances
ReBBL Open Invitational 3,OI 59 W4,Solar128,Sunn O))) Eaters
ReBBL Open Invitational 3,OI 59 W4,gdaynick,The Ball Pinchers
ReBBL Open Invitational 3,OI 60 W4,Newms,Jacksons and Baldwins
ReBBL Open Invitational 3,OI 60 W4,Saace,Teched For Battle
ReBBL Open Invitational 4,OI 61 W4,Bernie Buffon,The Contract Killers
ReBBL Open Invitational 4,OI 61 W4,Breidr,The Berserker Gang
ReBBL Open Invitational 4,OI 62 W4,the salmonnn,Only Foals and Hobgoblins
ReBBL Open Invitational 4,OI 62 W4,Pete,[GMAN] Don't mess with us
ReBBL Open Invitational 4,OI 63 W4,QueasyPhil,Swift Whiskers
ReBBL Open Invitational 4,OI 63 W4,M0rtal,GirlsGoneWild
ReBBL Open Invitational 4,OI 64 W4,MedicinalCarrot,2nd Tuffest n the Infants
ReBBL Open Invitational 4,OI 64 W4,Gunnerside,Sun-Baked Sea-Guard
ReBBL Open Invitational 4,OI 65 W4,GINGERWOLF,Your 5 a day
ReBBL Open Invitational 4,OI 65 W4,Motleee,Murdery Space Elf Troupe
ReBBL Open Invitational 4,OI 66 W4,Thessa,Conspiration Entropique
ReBBL Open Invitational 4,OI 66 W4,Starkeweather,Heavy Metal Massacre
ReBBL Open Invitational 4,OI 67 W4,Dwiggs,Budget Avengers
ReBBL Open Invitational 4,OI 67 W4,aprog,Moist Owlettes
ReBBL Open Invitational 4,OI 68 W4,BachoKolio,Howling_Hunters
ReBBL Open Invitational 4,OI 68 W4,Dragonero,Tridentum Exsecrata
ReBBL Open Invitational 4,OI 69 W4,TomBombadil,Bile Bay Giants
ReBBL Open Invitational 4,OI 69 W4,CRBoyz,CRBoyz Nashville Nasty
ReBBL Open Invitational 4,OI 70 W4,Stoobings,RUST Exposed
ReBBL Open Invitational 4,OI 70 W4,Hindi,I h√§tt a Sauspiel
ReBBL Open Invitational 4,OI 71 W4,Seanmantv,The Iords of The Dance
ReBBL Open Invitational 4,OI 71 W4,Taterspiro,Orcs with Forcs
ReBBL Open Invitational 4,OI 72 W4,Parzz,Sweet Teeth Forever
ReBBL Open Invitational 4,OI 72 W4,Zombane,The_Toxic_Avengers
ReBBL Open Invitational 4,OI 73 W4,Darkstar189,Natural Talent
ReBBL Open Invitational 4,OI 73 W4,Jericho Peppers,REBBL CHEESE THIEVES
ReBBL Open Invitational 4,OI 74 W4,Dalryk,Scintillant Snotballz
ReBBL Open Invitational 4,OI 74 W4,Ronarid,Nagaregg Scramblers
ReBBL Open Invitational 4,OI 75 W4,Vanguard_78,The Dreaded Lurgy
ReBBL Open Invitational 4,OI 75 W4,acropolis,Dazed N Confused
ReBBL Open Invitational 4,OI 76 W4,DemureNickel,Politicos
ReBBL Open Invitational 4,OI 76 W4,BDawg,Bogue Bombers
ReBBL Open Invitational 4,OI 77 W4,tomracing,Jopen_craftbeers
ReBBL Open Invitational 4,OI 77 W4,Kaizzum,Drakdar Squad
ReBBL Open Invitational 4,OI 78 W4,GFI Joe,Full Throttle Rotters
ReBBL Open Invitational 4,OI 78 W4,Clownthulhu,Stirland Hornets
ReBBL Open Invitational 4,OI 79 W4,Cullen,Wrath Of Nuffle
ReBBL Open Invitational 4,OI 79 W4,MoshNinja,Dads Mourning Wood
ReBBL Open Invitational 4,OI 80 W4,Supra728,Bloody Bullies of Barria
ReBBL Open Invitational 4,OI 80 W4,Xiaochibi,Poppin Pringles
ReBBL Open Invitational 5,OI 81 W4,C_Ayala,Baby Boomers '56
ReBBL Open Invitational 5,OI 81 W4,Sporran,The Injurious Basterds
ReBBL Open Invitational 5,OI 82 W4,Taruskippy,Gusgen Gougers
ReBBL Open Invitational 5,OI 82 W4,Xanax,Mutton Chompers
ReBBL Open Invitational 5,OI 83 W4,Onannia,Commanders in Grief
ReBBL Open Invitational 5,OI 83 W4,Octochicken,Goin' le HAM
ReBBL Open Invitational 5,OI 84 W4,Moralazar,Grumblegrok Gorgers
ReBBL Open Invitational 5,OI 84 W4,Demiurg,Horror All Stars
ReBBL Open Invitational 5,OI 85 W4,xasam24,Blutverein Silurien
ReBBL Open Invitational 5,OI 85 W4,Palmiro,Perkutores de Melnourne
ReBBL Open Invitational 5,OI 86 W4,RandtheMad,Bring Out yer Undead
ReBBL Open Invitational 5,OI 86 W4,fuzzyafro,Mass Bolts
ReBBL Open Invitational 5,OI 87 W4,Volume-,The Rat Catchers
ReBBL Open Invitational 5,OI 87 W4,ShatnersBassoon,Feenix Hardznails
ReBBL Open Invitational 5,OI 88 W4,Aldar,Smart Models
ReBBL Open Invitational 5,OI 88 W4,Preisz,My favourit things
